[
  {
    "name": "빤타리",
    "area": "아속/나나",
    "category": "태국음식",
    "tags": [
      "쯔양 방문",
      "오만찬1차"
    ],
    "mapUrl": "https://maps.app.goo.gl/dobMP8ewmZWHU1mf8"
  },
  {
    "name": "쑤다 레스토랑",
    "area": "아속/나나",
    "category": "태국음식",
    "tags": [
      "오만찬1차"
    ],
    "mapUrl": "https://maps.app.goo.gl/7ZRobhXYWwDksNXc6"
  },
  {
    "name": "Krua Khun Puk",
    "area": "아속/나나",
    "category": "태국음식",
    "tags": [
      "오만찬1차"
    ],
    "mapUrl": "https://maps.app.goo.gl/yngf5P9Dy36h3SrA7"
  },
  {
    "name": "Gedhawa",
    "area": "아속/나나",
    "category": "이싼음식",
    "tags": [
      "오만찬1차"
    ],
    "mapUrl": "https://maps.app.goo.gl/ZPaNmdbbRB4Qbs5T9"
  },
  {
    "name": "릉루엉",
    "area": "아속/나나",
    "category": "국수",
    "tags": [
      "고기국수",
      "가성비",
      "혼밥"
    ],
    "mapUrl": "https://goo.gl/maps/cBZLHUftmApgHdVz9"
  },
  {
    "name": "벨라 나폴리",
    "area": "아속/나나",
    "category": "피자",
    "tags": [
      "오만찬1차"
    ],
    "mapUrl": "https://maps.app.goo.gl/ZSZ7P6Nbem3zN6Bk8"
  },
  {
    "name": "Peppina",
    "area": "아속/나나",
    "category": "피자",
    "tags": [
      "오만찬1차"
    ],
    "mapUrl": "https://maps.app.goo.gl/oVE7MfqW84KastGH6"
  },
  {
    "name": "Here Hai Restaurant",
    "area": "통러/에까마이",
    "category": "해산물",
    "tags": [
      "갯가재",
      "게살볶음밥",
      "오만찬1차"
    ],
    "mapUrl": "https://maps.app.goo.gl/cf2EbeKAzseRBYoh7"
  },
  {
    "name": "와타나 파닛",
    "area": "통러/에까마이",
    "category": "국수",
    "tags": [
      "갈비국수",
      "가성비",
      "혼밥"
    ],
    "mapUrl": "https://maps.app.goo.gl/yhwnFzHABfdBCdP76"
  },
  {
    "name": "바미 콘 새 리",
    "area": "통러/에까마이",
    "category": "국수",
    "tags": [
      "에그 누들",
      "가성비",
      "혼밥"
    ],
    "mapUrl": "https://maps.app.goo.gl/D6G7euhjDaHnbLZd7"
  },
  {
    "name": "허이텃 차우래",
    "area": "통러/에까마이",
    "category": "태국음식",
    "tags": [
      "팟타이",
      "굴전",
      "오만찬1차"
    ],
    "mapUrl": "https://maps.app.goo.gl/q5ZQnRPFEi8vwiiDA"
  },
  {
    "name": "생차이 포차나",
    "area": "통러/에까마이",
    "category": "태국음식",
    "tags": [
      "오만찬1차"
    ],
    "mapUrl": "https://goo.gl/maps/4ssh4VupXygowoBfA"
  },
  {
    "name": "사바이자이 레스토랑",
    "area": "통러/에까마이",
    "category": "태국음식",
    "tags": [
      "오만찬1차"
    ],
    "mapUrl": "https://maps.app.goo.gl/4gwUoFU7DmP4T91QA"
  },
  {
    "name": "Mae Varee Mango Sticky Rice",
    "area": "통러/에까마이",
    "category": "디저트",
    "tags": [
      "망고밥",
      "2차"
    ],
    "mapUrl": "https://maps.app.goo.gl/mYNAHVd6UBzJeux68"
  },
  {
    "name": "SOMTAMNUA",
    "area": "싸얌/빠뚜남",
    "category": "이싼음식",
    "tags": [
      "오만찬1차"
    ],
    "mapUrl": "https://maps.app.goo.gl/qgLasqnUd6Eb6Kfr5"
  },
  {
    "name": "TOOKPAK",
    "area": "싸얌/빠뚜남",
    "category": "태국음식",
    "tags": [
      "오만찬1차"
    ],
    "mapUrl": "https://maps.app.goo.gl/3dZ1U3QobXJXhM2h9"
  },
  {
    "name": "란 쩨오 쭐라",
    "area": "싸얌/빠뚜남",
    "category": "국수",
    "tags": [
      "똠얌누들",
      "얌쌜먼",
      "가성비",
      "혼밥"
    ],
    "mapUrl": "https://goo.gl/maps/CK1tHLQv3KCkS11AA"
  },
  {
    "name": "쿤 나이 탈레이 동",
    "area": "싸얌/빠뚜남",
    "category": "뷔페",
    "tags": [
      "해산물 뷔페",
      "오만찬1차"
    ],
    "mapUrl": "https://maps.app.goo.gl/FnvJBudb4DSEU8hz5"
  },
  {
    "name": "Go-Ang Pratu Nam Chicken Rice",
    "area": "싸얌/빠뚜남",
    "category": "태국음식",
    "tags": [
      "치킨덮밥",
      "가성비",
      "혼밥"
    ],
    "mapUrl": "https://maps.app.goo.gl/gQWzAPSZhgM2ydWw5"
  },
  {
    "name": "쏨뿐씨푸드",
    "area": "씰롬/싸톤",
    "category": "태국음식",
    "tags": [
      "뿌팟퐁커리",
      "오만찬1차"
    ],
    "mapUrl": "https://goo.gl/maps/ENomkB1NjU8H8ixC8"
  },
  {
    "name": "폴로 프라이드 치킨",
    "area": "씰롬/싸톤",
    "category": "태국음식",
    "tags": [
      "치킨",
      "가성비",
      "혼밥"
    ],
    "mapUrl": "https://maps.app.goo.gl/HVDyFVSUBxwca3P18"
  },
  {
    "name": "짜런쌩씰롬",
    "area": "씰롬/싸톤",
    "category": "태국음식",
    "tags": [
      "족발덮밥",
      "가성비",
      "혼밥"
    ],
    "mapUrl": "https://goo.gl/maps/EVt1Jsj9QoqfMcKE6"
  },
  {
    "name": "반쏨땀 사톤점",
    "area": "씰롬/싸톤",
    "category": "이싼음식",
    "tags": [
      "오만찬1차"
    ],
    "mapUrl": "https://maps.app.goo.gl/yEVdX8vn5XQxWgJk8"
  },
  {
    "name": "쪽 프린스",
    "area": "씰롬/싸톤",
    "category": "태국음식",
    "tags": [
      "죽",
      "가성비",
      "혼밥"
    ],
    "mapUrl": "https://maps.app.goo.gl/Z9B8PaLzq1rG8DGu8"
  },
  {
    "name": "헹방락",
    "area": "씰롬/싸톤",
    "category": "국수",
    "tags": [
      "랏나",
      "가성비",
      "혼밥"
    ],
    "mapUrl": "https://maps.app.goo.gl/bvbh83pcXypBN8hQ7"
  },
  {
    "name": "쁘라짝 뻿양",
    "area": "씰롬/싸톤",
    "category": "국수",
    "tags": [
      "오리 국수",
      "오리 덮밥",
      "가성비",
      "혼밥"
    ],
    "mapUrl": "https://maps.app.goo.gl/j8voWiHAFDVPKtbo7"
  },
  {
    "name": "행춘셍순톤꼬사",
    "area": "씰롬/싸톤",
    "category": "국수",
    "tags": [
      "소고기 국수",
      "가성비",
      "혼밥"
    ],
    "mapUrl": "https://goo.gl/maps/BPPda4vpJ2SddmLp7"
  },
  {
    "name": "얌롯쌥",
    "area": "씰롬/싸톤",
    "category": "태국음식",
    "tags": [
      "찜쭘",
      "오만찬1차"
    ],
    "mapUrl": "https://maps.app.goo.gl/9TzsWHqVSxBWxPeT9"
  },
  {
    "name": "Nai Mong Hoi Thod",
    "area": "차이나타운",
    "category": "태국음식",
    "tags": [
      "굴전",
      "관광픽",
      "오만찬1차"
    ],
    "mapUrl": "https://maps.app.goo.gl/DgdiZ6dkagxek3q48"
  },
  {
    "name": "꾸웨이짭 우언 포차나",
    "area": "차이나타운",
    "category": "국수",
    "tags": [
      "돼지 국수",
      "관광픽",
      "가성비",
      "혼밥"
    ],
    "mapUrl": "https://maps.app.goo.gl/PPzhpSRaaC4Vs1iw7"
  },
  {
    "name": "크루아 폰 라마이",
    "area": "차이나타운",
    "category": "국수",
    "tags": [
      "랏나",
      "관광픽",
      "가성비",
      "혼밥"
    ],
    "mapUrl": "https://maps.app.goo.gl/3hoQMe9iaJXrniCn9"
  },
  {
    "name": "무 사떼 쁠랭남",
    "area": "차이나타운",
    "category": "태국음식",
    "tags": [
      "돼지 싸테",
      "관광픽",
      "오만찬1차"
    ],
    "mapUrl": "https://maps.app.goo.gl/X7Sbm8QvusNzxkoJ7"
  },
  {
    "name": "Trok Rong Moo Noodle",
    "area": "차이나타운",
    "category": "국수",
    "tags": [
      "비빔 똠얌",
      "관광픽",
      "가성비",
      "혼밥"
    ],
    "mapUrl": "https://maps.app.goo.gl/X4Khn2BGqin39yGw9"
  },
  {
    "name": "Odean Noodle",
    "area": "차이나타운",
    "category": "국수",
    "tags": [
      "완탕",
      "관광픽",
      "가성비",
      "혼밥"
    ],
    "mapUrl": "https://maps.app.goo.gl/kEg2aHK4XoYpmgYS6"
  },
  {
    "name": "메타왈라이 썬댕",
    "area": "카오산",
    "category": "태국음식",
    "tags": [
      "관광픽",
      "오만찬1차"
    ],
    "mapUrl": "https://maps.app.goo.gl/vAjE4FG42kBUWfvY9"
  },
  {
    "name": "크루아 압손",
    "area": "카오산",
    "category": "태국음식",
    "tags": [
      "관광픽",
      "오만찬1차"
    ],
    "mapUrl": "https://maps.app.goo.gl/xeHzfuDwLLQ5r8g26"
  },
  {
    "name": "쿤댕 꾸어이짭 유안",
    "area": "카오산",
    "category": "국수",
    "tags": [
      "끈적국수",
      "관광픽",
      "가성비",
      "혼밥"
    ],
    "mapUrl": "https://goo.gl/maps/cWpJpxnQYVYLE4mF7"
  },
  {
    "name": "찌라 옌타포 (Jira Yentafo)",
    "area": "카오산",
    "category": "국수",
    "tags": [
      "핑크 누들",
      "관광픽",
      "가성비",
      "혼밥"
    ],
    "mapUrl": "https://maps.app.goo.gl/r7w8WmYzPxQT3x127"
  },
  {
    "name": "나이쏘이",
    "area": "카오산",
    "category": "국수",
    "tags": [
      "갈비 국수",
      "관광픽",
      "가성비",
      "혼밥"
    ],
    "mapUrl": "https://maps.app.goo.gl/zCYrnChcAmGBBiFB7"
  },
  {
    "name": "팁싸마이",
    "area": "카오산",
    "category": "태국음식",
    "tags": [
      "팟타이",
      "오렌지주스",
      "관광픽",
      "오만찬1차"
    ],
    "mapUrl": "https://goo.gl/maps/DPmU9sWaHXjDpGgHA"
  },
  {
    "name": "맘똠얌꿍",
    "area": "카오산",
    "category": "태국음식",
    "tags": [
      "뿌팟퐁커리",
      "관광픽",
      "오만찬1차"
    ],
    "mapUrl": "https://goo.gl/maps/U2AaahhW3318Aq2TA"
  },
  {
    "name": "Kope Hya Tai Kee",
    "area": "카오산",
    "category": "브런치",
    "tags": [
      "관광픽",
      "2차"
    ],
    "mapUrl": "https://maps.app.goo.gl/iwc4JQeUSNoFfiA37"
  },
  {
    "name": "Lay Lao",
    "area": "아리",
    "category": "태국음식",
    "tags": [
      "퓨전",
      "오만찬1차"
    ],
    "mapUrl": "https://maps.app.goo.gl/adtBSe5XwUfDmjAQ8"
  },
  {
    "name": "옹통 카오쏘이",
    "area": "아리",
    "category": "태국음식",
    "tags": [
      "카오쏘이",
      "오만찬1차"
    ],
    "mapUrl": "https://maps.app.goo.gl/Hwpg28ExikuvhFRd9"
  },
  {
    "name": "꾸어이띠여우 르아 프라나컨",
    "area": "아리",
    "category": "국수",
    "tags": [
      "보트 누들",
      "가성비",
      "혼밥"
    ],
    "mapUrl": "https://maps.app.goo.gl/W5wpSYHYR7BzhUz26"
  },
  {
    "name": "Shamballa Somtam",
    "area": "아리",
    "category": "이싼음식",
    "tags": [
      "오만찬1차"
    ],
    "mapUrl": "https://maps.app.goo.gl/qAxi4Uzh4HH7yVmP8"
  },
  {
    "name": "Café Narasingh",
    "area": "아리",
    "category": "브런치",
    "tags": [
      "2차"
    ],
    "mapUrl": "https://maps.app.goo.gl/hQpiZVZiYviARdmx8"
  },
  {
    "name": "Bubble in the Forest Cafe",
    "area": "카페",
    "category": "카페",
    "tags": [
      "2차"
    ],
    "mapUrl": "https://maps.app.goo.gl/mMsYi276hz2JRoJb6"
  },
  {
    "name": "After the Rain Coffee & Gallery",
    "area": "카페",
    "category": "카페",
    "tags": [
      "2차"
    ],
    "mapUrl": "https://maps.app.goo.gl/VdHHhKSXgG6M6nzJA"
  },
  {
    "name": "나나 커피 로스터 아리",
    "area": "카페",
    "category": "카페",
    "tags": [
      "아리",
      "2차"
    ],
    "mapUrl": "https://maps.app.goo.gl/v2qE9Bm1iuscixtv5"
  },
  {
    "name": "GUMP’s Ari Community Space",
    "area": "카페",
    "category": "카페",
    "tags": [
      "아리",
      "2차"
    ],
    "mapUrl": "https://maps.app.goo.gl/s6m6ppA4qf7gRsB87"
  },
  {
    "name": "BAY Aree",
    "area": "카페",
    "category": "카페",
    "tags": [
      "아리",
      "2차"
    ],
    "mapUrl": "https://maps.app.goo.gl/SgxxyLn3FCkixiAP8"
  },
  {
    "name": "Puritan",
    "area": "카페",
    "category": "카페",
    "tags": [
      "2차"
    ],
    "mapUrl": "https://maps.app.goo.gl/LbHVJQXD6nmRk21v9"
  },
  {
    "name": "홍씨엥꽁",
    "area": "카페",
    "category": "카페",
    "tags": [
      "2차"
    ],
    "mapUrl": "https://maps.app.goo.gl/jngUHzNuVWUisapv6"
  },
  {
    "name": "몬 놈쏫",
    "area": "카페",
    "category": "디저트",
    "tags": [
      "2차"
    ],
    "mapUrl": "https://maps.app.goo.gl/DFXiQq6caz1UMD2e8"
  },
  {
    "name": "After You Dessert Cafe",
    "area": "카페",
    "category": "디저트",
    "tags": [
      "2차"
    ],
    "mapUrl": "https://maps.app.goo.gl/dvoDEBri4zhziWXk6"
  },
  {
    "name": "베스트 비프",
    "area": "무카타/해산물뷔페",
    "category": "무카타",
    "tags": [
      "오만찬1차",
      "가성비"
    ],
    "mapUrl": "https://maps.app.goo.gl/CfKHxiWnwk3ACUJy6"
  },
  {
    "name": "Nak-La Mookata",
    "area": "무카타/해산물뷔페",
    "category": "무카타",
    "tags": [
      "오만찬1차",
      "가성비"
    ],
    "mapUrl": "https://maps.app.goo.gl/tLRi223uKhMZxzpJ6"
  },
  {
    "name": "에브리데이 무카타 리버사이드",
    "area": "무카타/해산물뷔페",
    "category": "무카타",
    "tags": [
      "리버사이드",
      "오만찬1차"
    ],
    "mapUrl": "https://maps.app.goo.gl/nKHAVTPLNJAG9SDs6"
  },
  {
    "name": "Kodtalay Seafood Buffet",
    "area": "무카타/해산물뷔페",
    "category": "뷔페",
    "tags": [
      "해산물 뷔페",
      "오만찬1차"
    ],
    "mapUrl": "https://maps.app.goo.gl/9BpeMhTFaNAvpf9r7"
  },
  {
    "name": "Tui Mu Kratha-Mu Chum (Pho Nimit)",
    "area": "무카타/해산물뷔페",
    "category": "무카타",
    "tags": [
      "무춤",
      "오만찬1차",
      "가성비"
    ],
    "mapUrl": "https://maps.app.goo.gl/2TpqBFuRfV4AFfFK6"
  }
]